"","WARD","rowHomeP","medYear","medLand","zero"
"1",1,0.889894965592177,1911,1790,0
"2",2,0.802625020767569,1900,1800,0
"3",3,0.167862068965517,1936,5100,0
"4",4,0.383846794338052,1930,2924,0
"5",5,0.468193103448276,1929,2411,0
"6",6,0.902143931795386,1910,1392,0
"7",7,0.261915903469483,1945,2840,0
"8",8,0.409744779582367,1946,2498,0
